Alabama A & M University,1
Marion Military Institute,1
Southern Union State Community College,1
Tuskegee University,1
Tuskegee University,1
Tuskegee University,1
Tuskegee University,1
The University of Alabama,1
The University of Alabama,1
The University of Alabama,1
The University of Alabama,1
The University of Alabama,1
The University of Alabama,1
The University of Alabama,1
The University of Alabama,1
The University of Alabama,1
The University of Alabama,1
The University of Alabama,1
University of North Alabama,1
University of South Alabama,1
University of South Alabama,1
University of South Alabama,1
University of South Alabama,1
University of South Alabama,1
Arkansas State University-Mountain Home,1
Arkansas Tech University,1
Arkansas Tech University,1
Hendrix College,1
Hendrix College,1
Hendrix College,1
Pulaski Technical College,1
University of Central Arkansas,1
University of Central Arkansas,1
University of Central Arkansas,1
University of Central Arkansas,1
University of Central Arkansas,1
University of Central Arkansas,1
Eastern Arizona College,1
Embry-Riddle Aeronautical University-Prescott,1
Embry-Riddle Aeronautical University-Prescott,1
Estrella Mountain Community College,1
Mesa Community College,1
Mesa Community College,1
Scottsdale Community College,1
Scottsdale Community College,1
Scottsdale Community College,1
University of Arizona,1
University of Arizona,1
University of Arizona,1
University of Arizona,1
University of Arizona,1
University of Arizona,1
University of Arizona,1
University of Arizona,1
University of Arizona,1
University of Arizona,1
University of Arizona,1
University of Arizona,1
University of Arizona,1
University of Arizona,1
University of Arizona,1
Allan Hancock College,1
Allan Hancock College,1
Antelope Valley College,1
Bakersfield College,1
Butte College,1
California State University-Channel Islands,1
California State University-Channel Islands,1
California State University-Channel Islands,1
California State University-Fullerton,1
California State University-Fullerton,1
California State University-Fullerton,1
California State University-Fullerton,1
California State University-Fullerton,1
California State University-Fullerton,1
California State University-Northridge,1
California State University-Northridge,1
California State University-Northridge,1
California State University-Northridge,1
California State University-Northridge,1
California State University-Northridge,1
California State University-San Marcos,1
California State University-San Marcos,1
California State University-San Marcos,1
California State University-San Marcos,1
California State University-San Marcos,1
California State University-San Marcos,1
California State University-San Marcos,1
Cerritos College,1
Cerro Coso Community College,1
City College of San Francisco,1
College of Marin,1
College of San Mateo,1
Cuesta College,1
Cuyamaca College,1
Diablo Valley College,1
El Camino Community College District,1
El Camino Community College District,1
Fresno City College,1
Grossmont College,1
Grossmont College,1
Imperial Valley College,1
Los Angeles Valley College,1
Los Angeles Valley College,1
MiraCosta College,1
Point Loma Nazarene University,1
Point Loma Nazarene University,1
Point Loma Nazarene University,1
Reedley College,1
Sacramento City College,1
San Bernardino Valley College,1
San Diego State University,1
San Diego State University,1
San Diego State University,1
San Diego State University,1
San Francisco State University,1
San Francisco State University,1
San Francisco State University,1
San Francisco State University,1
San Francisco State University,1
San Francisco State University,1
San Francisco State University,1
San Francisco State University,1
Santa Barbara City College,1
Santa Clara University,1
Santa Clara University,1
Santa Clara University,1
Santa Clara University,1
Santa Clara University,1
Santa Clara University,1
Santa Clara University,1
Santa Clara University,1
Santa Monica College,1
University of California-Los Angeles,1
University of California-Los Angeles,1
University of California-Los Angeles,1
University of California-Los Angeles,1
University of California-Los Angeles,1
University of California-Los Angeles,1
University of California-Los Angeles,1
University of California-Los Angeles,1
University of California-Los Angeles,1
University of California-Los Angeles,1
University of California-Los Angeles,1
University of California-Riverside,1
University of California-Riverside,1
University of California-Riverside,1
University of California-Riverside,1
University of California-Riverside,1
University of California-Riverside,1
University of California-Riverside,1
University of California-Riverside,1
University of California-Riverside,1
University of California-Riverside,1
University of California-Santa Cruz,1
University of California-Santa Cruz,1
University of California-Santa Cruz,1
University of California-Santa Cruz,1
University of California-Santa Cruz,1
University of California-Santa Cruz,1
University of California-Santa Cruz,1
University of the Pacific,1
University of the Pacific,1
Westmont College,1
Arapahoe Community College,1
Northeastern Junior College,1
Pueblo Community College,1
Trinidad State Junior College,1
Connecticut College,1
Connecticut College,1
Connecticut College,1
Connecticut College,1
Manchester Community College-Manchester,1
Quinebaug Valley Community College,1
University of Connecticut,1
University of Connecticut,1
University of Connecticut,1
University of Connecticut,1
University of Connecticut,1
University of Connecticut,1
University of Connecticut,1
University of Connecticut,1
University of Connecticut,1
University of Connecticut,1
University of Connecticut,1
University of Connecticut,1
University of Connecticut,1
University of Connecticut,1
University of Connecticut,1
University of Connecticut,1
University of Connecticut,1
American University,1
American University,1
American University,1
American University,1
Howard University,1
Delaware State University,1
Delaware State University,1
Delaware State University,1
Delaware Technical Community College-Stanton/Wilmington,1
Delaware Technical Community College-Terry,1
Ave Maria University,1
Ave Maria University,1
Embry-Riddle Aeronautical University-Daytona Beach,1
Embry-Riddle Aeronautical University-Daytona Beach,1
Embry-Riddle Aeronautical University-Daytona Beach,1
Embry-Riddle Aeronautical University-Daytona Beach,1
Embry-Riddle Aeronautical University-Daytona Beach,1
Embry-Riddle Aeronautical University-Daytona Beach,1
Embry-Riddle Aeronautical University-Daytona Beach,1
Embry-Riddle Aeronautical University-Daytona Beach,1
Embry-Riddle Aeronautical University-Daytona Beach,1
Embry-Riddle Aeronautical University-Daytona Beach,1
Embry-Riddle Aeronautical University-Daytona Beach,1
Florida Agricultural and Mechanical University,1
Florida Atlantic University,1
Florida Atlantic University,1
Florida Atlantic University,1
Florida Atlantic University,1
Florida Institute of Technology,1
Florida Institute of Technology,1
Florida Institute of Technology,1
Florida Institute of Technology,1
Florida Institute of Technology,1
Florida Institute of Technology,1
Palm Beach State College,1
Santa Fe College,1
Santa Fe College,1
Tallahassee Community College,1
Clark Atlanta University,1
Clark Atlanta University,1
Clark Atlanta University,1
Clark Atlanta University,1
Covenant College,1
Georgia College and State University,1
Georgia College and State University,1
Georgia College and State University,1
Georgia Highlands College,1
Georgia State University,1
Georgia State University,1
Georgia State University,1
Georgia State University,1
Georgia State University,1
Georgia State University,1
Georgia State University,1
Georgia State University,1
Mercer University,1
Mercer University,1
Spelman College,1
Spelman College,1
Spelman College,1
University of Hawaii at Manoa,1
University of Hawaii at Manoa,1
University of Hawaii at Manoa,1
University of Hawaii at Manoa,1
University of Hawaii at Manoa,1
Des Moines Area Community College,1
Des Moines Area Community College,1
Northeast Iowa Community College,1
University of Northern Iowa,1
University of Northern Iowa,1
University of Northern Iowa,1
University of Northern Iowa,1
University of Northern Iowa,1
University of Northern Iowa,1
Idaho State University,1
Idaho State University,1
Idaho State University,1
Idaho State University,1
Black Hawk College,1
Chicago State University,1
Chicago State University,1
Chicago State University,1
Chicago State University,1
City Colleges of Chicago-Harold Washington College,1
College of DuPage,1
College of DuPage,1
College of DuPage,1
Greenville College,1
Illinois Institute of Technology,1
Illinois Institute of Technology,1
Illinois Institute of Technology,1
Illinois Institute of Technology,1
Illinois Institute of Technology,1
Illinois Institute of Technology,1
Illinois Institute of Technology,1
Illinois Institute of Technology,1
Illinois Institute of Technology,1
Illinois Institute of Technology,1
Illinois Institute of Technology,1
Illinois Institute of Technology,1
Illinois Institute of Technology,1
Illinois Institute of Technology,1
Illinois State University,1
Illinois State University,1
Illinois State University,1
Illinois State University,1
Illinois State University,1
Illinois State University,1
Illinois State University,1
Illinois State University,1
Illinois State University,1
John A Logan College,1
Kankakee Community College,1
Loyola University Chicago,1
Loyola University Chicago,1
Loyola University Chicago,1
Loyola University Chicago,1
Loyola University Chicago,1
Loyola University Chicago,1
McHenry County College,1
McHenry County College,1
Moraine Valley Community College,1
North Park University,1
Oakton Community College,1
University of Illinois at Chicago,1
University of Illinois at Chicago,1
University of Illinois at Chicago,1
University of Illinois at Chicago,1
University of Illinois at Chicago,1
University of Illinois at Chicago,1
University of Illinois at Chicago,1
University of Illinois at Chicago,1
University of Illinois at Chicago,1
Butler University,1
Butler University,1
Butler University,1
Butler University,1
Earlham College,1
Earlham College,1
Earlham College,1
Indiana State University,1
Indiana State University,1
Indiana State University,1
Indiana State University,1
Indiana University-South Bend,1
Indiana University-South Bend,1
Indiana University-South Bend,1
Indiana University-South Bend,1
Ivy Tech Community College,1
Ivy Tech Community College,1
Manchester University,1
Manchester University,1
Rose-Hulman Institute of Technology,1
Rose-Hulman Institute of Technology,1
Rose-Hulman Institute of Technology,1
Rose-Hulman Institute of Technology,1
Rose-Hulman Institute of Technology,1
University of Notre Dame,1
University of Notre Dame,1
University of Notre Dame,1
University of Notre Dame,1
University of Notre Dame,1
University of Notre Dame,1
University of Notre Dame,1
University of Notre Dame,1
University of Notre Dame,1
University of Notre Dame,1
University of Notre Dame,1
University of Notre Dame,1
University of Notre Dame,1
University of Notre Dame,1
University of Notre Dame,1
University of Notre Dame,1
University of Notre Dame,1
University of Notre Dame,1
University of Notre Dame,1
University of Notre Dame,1
University of Notre Dame,1
University of Notre Dame,1
University of Notre Dame,1
University of Notre Dame,1
University of Notre Dame,1
Cloud County Community College,1
Coffeyville Community College,1
Colby Community College,1
Cowley County Community College,1
Cowley County Community College,1
Fort Hays State University,1
Fort Hays State University,1
Fort Hays State University,1
Fort Hays State University,1
Hesston College,1
Johnson County Community College,1
Pratt Community College,1
Seward County Community College and Area Technical School,1
University of Kansas,1
University of Kansas,1
University of Kansas,1
University of Kansas,1
University of Kansas,1
University of Kansas,1
University of Kansas,1
University of Kansas,1
University of Kansas,1
University of Kansas,1
Washburn University,1
Washburn University,1
Washburn University,1
Centre College,1
Centre College,1
Northern Kentucky University,1
Northern Kentucky University,1
Northern Kentucky University,1
Southeast Kentucky Community and Technical College,1
West Kentucky Community and Technical College,1
Delgado Community College,1
Grambling State University,1
Loyola University New Orleans,1
Southern University and A & M College,1
Southern University and A & M College,1
Southern University and A & M College,1
Xavier University of Louisiana,1
Xavier University of Louisiana,1
Xavier University of Louisiana,1
Xavier University of Louisiana,1
Xavier University of Louisiana,1
Amherst College,1
Amherst College,1
Amherst College,1
Amherst College,1
Amherst College,1
Amherst College,1
Boston University,1
Boston University,1
Boston University,1
Boston University,1
Boston University,1
Boston University,1
Boston University,1
Bridgewater State University,1
Bridgewater State University,1
Bridgewater State University,1
Bridgewater State University,1
College of the Holy Cross,1
College of the Holy Cross,1
Gordon College,1
Massachusetts College of Liberal Arts,1
Massachusetts College of Liberal Arts,1
Massachusetts College of Liberal Arts,1
Massachusetts Institute of Technology,1
Massachusetts Institute of Technology,1
Massachusetts Institute of Technology,1
Massachusetts Institute of Technology,1
Massachusetts Institute of Technology,1
Massachusetts Institute of Technology,1
Massachusetts Institute of Technology,1
Massachusetts Institute of Technology,1
Massachusetts Institute of Technology,1
Massachusetts Institute of Technology,1
Massachusetts Institute of Technology,1
Massachusetts Institute of Technology,1
Massachusetts Institute of Technology,1
Massachusetts Institute of Technology,1
Massachusetts Institute of Technology,1
Massachusetts Institute of Technology,1
Massachusetts Institute of Technology,1
Massachusetts Institute of Technology,1
Massachusetts Institute of Technology,1
Massachusetts Institute of Technology,1
Massachusetts Institute of Technology,1
Massachusetts Institute of Technology,1
Mount Wachusett Community College,1
University of Massachusetts-Dartmouth,1
University of Massachusetts-Dartmouth,1
University of Massachusetts-Dartmouth,1
University of Massachusetts-Dartmouth,1
University of Massachusetts-Dartmouth,1
University of Massachusetts-Dartmouth,1
University of Massachusetts-Dartmouth,1
University of Massachusetts-Dartmouth,1
University of Massachusetts-Dartmouth,1
Wellesley College,1
Wellesley College,1
Wellesley College,1
Wellesley College,1
Wellesley College,1
Wellesley College,1
Wellesley College,1
Wellesley College,1
Wheaton College-Norton,1
Wheaton College-Norton,1
Wheaton College-Norton,1
Wheaton College-Norton,1
Allegany College of Maryland,1
Chesapeake College,1
College of Southern Maryland,1
Harford Community College,1
Morgan State University,1
Morgan State University,1
St Mary's College of Maryland,1
St Mary's College of Maryland,1
St Mary's College of Maryland,1
United States Naval Academy,1
United States Naval Academy,1
United States Naval Academy,1
United States Naval Academy,1
United States Naval Academy,1
United States Naval Academy,1
United States Naval Academy,1
United States Naval Academy,1
United States Naval Academy,1
United States Naval Academy,1
United States Naval Academy,1
United States Naval Academy,1
United States Naval Academy,1
University of Maryland-Baltimore County,1
University of Maryland-Baltimore County,1
University of Maryland-Baltimore County,1
University of Maryland-Baltimore County,1
University of Maryland-Baltimore County,1
University of Maryland-Baltimore County,1
University of Maryland-Baltimore County,1
University of Maryland-Baltimore County,1
University of Maryland-Baltimore County,1
University of Maryland-Baltimore County,1
University of Maryland-Baltimore County,1
University of Maryland-Baltimore County,1
University of Maryland-Baltimore County,1
University of Maryland-Baltimore County,1
University of Maryland-Baltimore County,1
Washington College,1
Washington College,1
Washington College,1
Bowdoin College,1
Bowdoin College,1
Bowdoin College,1
Bowdoin College,1
Bowdoin College,1
Bowdoin College,1
Central Maine Community College,1
Kennebec Valley Community College,1
University of Maine,1
University of Maine,1
University of Maine,1
University of Maine,1
University of Maine,1
University of Maine,1
University of Maine,1
University of Maine,1
University of Maine,1
University of Maine,1
Andrews University,1
Andrews University,1
Central Michigan University,1
Central Michigan University,1
Central Michigan University,1
Central Michigan University,1
Central Michigan University,1
Central Michigan University,1
Central Michigan University,1
Central Michigan University,1
Central Michigan University,1
Grand Valley State University,1
Grand Valley State University,1
Grand Valley State University,1
Grand Valley State University,1
Grand Valley State University,1
Lansing Community College,1
Lansing Community College,1
Lansing Community College,1
Lansing Community College,1
Monroe County Community College,1
Montcalm Community College,1
University of Michigan-Dearborn,1
University of Michigan-Dearborn,1
University of Michigan-Dearborn,1
University of Michigan-Dearborn,1
University of Michigan-Dearborn,1
University of Michigan-Dearborn,1
University of Michigan-Dearborn,1
University of Michigan-Flint,1
Washtenaw Community College,1
Western Michigan University,1
Western Michigan University,1
Western Michigan University,1
Western Michigan University,1
Western Michigan University,1
Western Michigan University,1
Carleton College,1
Carleton College,1
Carleton College,1
Carleton College,1
Carleton College,1
Carleton College,1
Carleton College,1
Concordia College at Moorhead,1
Concordia College at Moorhead,1
Concordia College at Moorhead,1
Gustavus Adolphus College,1
Gustavus Adolphus College,1
Gustavus Adolphus College,1
Gustavus Adolphus College,1
Gustavus Adolphus College,1
Gustavus Adolphus College,1
North Hennepin Community College,1
St Olaf College,1
St Olaf College,1
St Olaf College,1
St Olaf College,1
St Olaf College,1
St Olaf College,1
Central Methodist University-College of Liberal Arts and Sciences,1
Lincoln University-Jefferson City,1
Mineral Area College,1
Missouri Southern State University,1
Missouri Southern State University,1
Missouri State University-Springfield,1
Missouri State University-Springfield,1
Missouri State University-Springfield,1
Missouri State University-Springfield,1
Rockhurst University,1
Rockhurst University,1
Rockhurst University,1
State Fair Community College,1
Truman State University,1
Truman State University,1
Truman State University,1
Truman State University,1
Washington University in St Louis,1
Washington University in St Louis,1
Washington University in St Louis,1
Washington University in St Louis,1
Washington University in St Louis,1
Washington University in St Louis,1
Washington University in St Louis,1
Washington University in St Louis,1
Washington University in St Louis,1
Washington University in St Louis,1
Copiah-Lincoln Community College,1
Itawamba Community College,1
Jackson State University,1
Jones County Junior College,1
Jones County Junior College,1
Mississippi College,1
Mississippi Gulf Coast Community College,1
Tougaloo College,1
Tougaloo College,1
University of Mississippi,1
University of Mississippi,1
University of Mississippi,1
University of Mississippi,1
University of Mississippi,1
University of Mississippi,1
University of Mississippi,1
University of Mississippi,1
University of Mississippi,1
University of Southern Mississippi,1
University of Southern Mississippi,1
University of Southern Mississippi,1
University of Southern Mississippi,1
University of Southern Mississippi,1
Flathead Valley Community College,1
Flathead Valley Community College,1
Stone Child College,1
The University of Montana,1
The University of Montana,1
The University of Montana,1
The University of Montana,1
Appalachian State University,1
Appalachian State University,1
Appalachian State University,1
Appalachian State University,1
Appalachian State University,1
Appalachian State University,1
Appalachian State University,1
Appalachian State University,1
Appalachian State University,1
Appalachian State University,1
Appalachian State University,1
Asheville-Buncombe Technical Community College,1
Asheville-Buncombe Technical Community College,1
Gaston College,1
Guilford Technical Community College,1
Guilford Technical Community College,1
High Point University,1
High Point University,1
High Point University,1
Isothermal Community College,1
Nash Community College,1
North Carolina A & T State University,1
North Carolina A & T State University,1
North Carolina A & T State University,1
North Carolina Central University,1
North Carolina Central University,1
North Carolina Central University,1
North Carolina Central University,1
North Carolina Central University,1
North Carolina Central University,1
North Carolina Central University,1
Pitt Community College,1
Pitt Community College,1
Richmond Community College,1
University of North Carolina at Greensboro,1
University of North Carolina at Greensboro,1
University of North Carolina at Greensboro,1
University of North Carolina at Greensboro,1
University of North Carolina at Greensboro,1
University of North Carolina at Greensboro,1
University of North Carolina at Greensboro,1
Turtle Mountain Community College,1
Creighton University,1
Creighton University,1
Creighton University,1
Creighton University,1
Hastings College,1
University of Nebraska at Omaha,1
University of Nebraska at Omaha,1
Lakes Region Community College,1
Lakes Region Community College,1
Manchester Community College-Manchester,1
University of New Hampshire-Main Campus,1
University of New Hampshire-Main Campus,1
University of New Hampshire-Main Campus,1
University of New Hampshire-Main Campus,1
University of New Hampshire-Main Campus,1
University of New Hampshire-Main Campus,1
University of New Hampshire-Main Campus,1
Bergen Community College,1
Bergen Community College,1
Bergen Community College,1
Bergen Community College,1
Princeton University,1
Princeton University,1
Princeton University,1
Princeton University,1
Princeton University,1
Princeton University,1
Princeton University,1
Princeton University,1
Rutgers University-Camden,1
Rutgers University-Camden,1
Rutgers University-Camden,1
Rutgers University-Camden,1
Rutgers University-New Brunswick,1
Rutgers University-New Brunswick,1
Rutgers University-New Brunswick,1
Rutgers University-New Brunswick,1
Rutgers University-New Brunswick,1
Rutgers University-New Brunswick,1
Rutgers University-New Brunswick,1
Rutgers University-New Brunswick,1
Rutgers University-New Brunswick,1
Rutgers University-New Brunswick,1
Rutgers University-New Brunswick,1
Rutgers University-New Brunswick,1
Rutgers University-New Brunswick,1
Rutgers University-New Brunswick,1
Rutgers University-New Brunswick,1
Rutgers University-New Brunswick,1
Stevens Institute of Technology,1
Stevens Institute of Technology,1
Stevens Institute of Technology,1
Stevens Institute of Technology,1
Stevens Institute of Technology,1
Sussex County Community College,1
The College of New Jersey,1
The College of New Jersey,1
The College of New Jersey,1
The College of New Jersey,1
The College of New Jersey,1
The College of New Jersey,1
The College of New Jersey,1
The College of New Jersey,1
New Mexico Institute of Mining and Technology,1
New Mexico Institute of Mining and Technology,1
New Mexico Institute of Mining and Technology,1
New Mexico Institute of Mining and Technology,1
New Mexico Institute of Mining and Technology,1
New Mexico Institute of Mining and Technology,1
New Mexico Institute of Mining and Technology,1
New Mexico Institute of Mining and Technology,1
New Mexico Institute of Mining and Technology,1
New Mexico Institute of Mining and Technology,1
New Mexico Institute of Mining and Technology,1
University of New Mexico-Los Alamos Campus,1
College of Southern Nevada,1
College of Southern Nevada,1
College of Southern Nevada,1
College of Southern Nevada,1
College of Southern Nevada,1
Truckee Meadows Community College,1
University of Nevada-Las Vegas,1
University of Nevada-Las Vegas,1
University of Nevada-Las Vegas,1
University of Nevada-Las Vegas,1
University of Nevada-Las Vegas,1
Alfred University,1
Alfred University,1
Alfred University,1
CUNY Brooklyn College,1
CUNY Brooklyn College,1
CUNY Brooklyn College,1
CUNY Brooklyn College,1
CUNY Brooklyn College,1
CUNY York College,1
CUNY York College,1
CUNY York College,1
Canisius College,1
Cayuga County Community College,1
Clinton Community College,1
Columbia University in the City of New York,1
Columbia University in the City of New York,1
Columbia University in the City of New York,1
Columbia University in the City of New York,1
Columbia University in the City of New York,1
Columbia University in the City of New York,1
Columbia University in the City of New York,1
Columbia University in the City of New York,1
CUNY Bronx Community College,1
Dutchess Community College,1
Genesee Community College,1
Hartwick College,1
Hobart William Smith Colleges,1
Hobart William Smith Colleges,1
Hobart William Smith Colleges,1
Hudson Valley Community College,1
Iona College,1
Iona College,1
Ithaca College,1
Ithaca College,1
Ithaca College,1
Ithaca College,1
Ithaca College,1
Ithaca College,1
Jefferson Community College,1
Orange County Community College,1
Rochester Institute of Technology,1
Rochester Institute of Technology,1
Rochester Institute of Technology,1
Rochester Institute of Technology,1
Rochester Institute of Technology,1
Rochester Institute of Technology,1
Rochester Institute of Technology,1
Rochester Institute of Technology,1
Rochester Institute of Technology,1
Rochester Institute of Technology,1
Rochester Institute of Technology,1
Rochester Institute of Technology,1
Rochester Institute of Technology,1
Rochester Institute of Technology,1
Rochester Institute of Technology,1
Rochester Institute of Technology,1
Rochester Institute of Technology,1
Rochester Institute of Technology,1
Rochester Institute of Technology,1
Rochester Institute of Technology,1
Rochester Institute of Technology,1
SUNY College at Brockport,1
SUNY College at Brockport,1
SUNY College at Brockport,1
SUNY at Fredonia,1
SUNY at Fredonia,1
SUNY at Fredonia,1
State University of New York at New Paltz,1
State University of New York at New Paltz,1
State University of New York at New Paltz,1
State University of New York at New Paltz,1
State University of New York at New Paltz,1
SUNY Oneonta,1
SUNY Oneonta,1
SUNY Oneonta,1
SUNY Oneonta,1
SUNY College at Oswego,1
SUNY College at Oswego,1
SUNY College at Oswego,1
SUNY College at Oswego,1
SUNY College at Oswego,1
SUNY College at Plattsburgh,1
SUNY College at Plattsburgh,1
SUNY Buffalo State,1
SUNY Buffalo State,1
SUNY Buffalo State,1
St Bonaventure University,1
Saint John Fisher College,1
Saint John Fisher College,1
St John's University-New York,1
St John's University-New York,1
Siena College,1
Siena College,1
Siena College,1
Siena College,1
Siena College,1
Siena College,1
Siena College,1
Skidmore College,1
Skidmore College,1
Skidmore College,1
Skidmore College,1
Skidmore College,1
Syracuse University,1
Syracuse University,1
Syracuse University,1
Syracuse University,1
Syracuse University,1
Syracuse University,1
Syracuse University,1
Syracuse University,1
Wagner College,1
Ashland University,1
Bowling Green State University-Main Campus,1
Bowling Green State University-Main Campus,1
Bowling Green State University-Main Campus,1
Bowling Green State University-Main Campus,1
Bowling Green State University-Main Campus,1
Case Western Reserve University,1
Case Western Reserve University,1
Case Western Reserve University,1
Case Western Reserve University,1
Case Western Reserve University,1
Case Western Reserve University,1
Case Western Reserve University,1
Case Western Reserve University,1
Case Western Reserve University,1
Kent State University at Kent,1
Kent State University at Kent,1
Kent State University at Kent,1
Kent State University at Kent,1
Kent State University at Ashtabula,1
Kenyon College,1
Kenyon College,1
Kenyon College,1
Muskingum University,1
Muskingum University,1
The College of Wooster,1
The College of Wooster,1
The College of Wooster,1
The College of Wooster,1
University of Dayton,1
University of Dayton,1
University of Dayton,1
University of Dayton,1
University of Dayton,1
University of Dayton,1
University of Dayton,1
University of Dayton,1
Youngstown State University,1
Youngstown State University,1
Youngstown State University,1
Youngstown State University,1
Youngstown State University,1
Youngstown State University,1
Northeastern Oklahoma A&M College,1
Seminole State College,1
Southern Nazarene University,1
Southern Nazarene University,1
University of Oklahoma-Norman Campus,1
University of Oklahoma-Norman Campus,1
University of Oklahoma-Norman Campus,1
University of Oklahoma-Norman Campus,1
University of Oklahoma-Norman Campus,1
University of Oklahoma-Norman Campus,1
University of Oklahoma-Norman Campus,1
University of Oklahoma-Norman Campus,1
University of Oklahoma-Norman Campus,1
Chemeketa Community College,1
Clackamas Community College,1
Lane Community College,1
Lewis & Clark College,1
Lewis & Clark College,1
Lewis & Clark College,1
Lewis & Clark College,1
Linn-Benton Community College,1
Linn-Benton Community College,1
Rogue Community College,1
Albright College,1
Bryn Mawr College,1
Bryn Mawr College,1
Bryn Mawr College,1
Bryn Mawr College,1
Bucknell University,1
Bucknell University,1
Bucknell University,1
Bucknell University,1
Bucknell University,1
Bucknell University,1
Bucknell University,1
California University of Pennsylvania,1
California University of Pennsylvania,1
East Stroudsburg University of Pennsylvania,1
East Stroudsburg University of Pennsylvania,1
East Stroudsburg University of Pennsylvania,1
Gettysburg College,1
Gettysburg College,1
Gettysburg College,1
Grove City College,1
Grove City College,1
Grove City College,1
Grove City College,1
Lafayette College,1
Lafayette College,1
Lafayette College,1
Lafayette College,1
Lafayette College,1
Lafayette College,1
Millersville University of Pennsylvania,1
Moravian College,1
Moravian College,1
Moravian College,1
Muhlenberg College,1
Muhlenberg College,1
Pennsylvania State University-Main Campus,1
Pennsylvania State University-Main Campus,1
Pennsylvania State University-Main Campus,1
Pennsylvania State University-Main Campus,1
Pennsylvania State University-Main Campus,1
Pennsylvania State University-Main Campus,1
Pennsylvania State University-Main Campus,1
Pennsylvania State University-Main Campus,1
Pennsylvania State University-Main Campus,1
Pennsylvania State University-Main Campus,1
Pennsylvania State University-Main Campus,1
Pennsylvania State University-Main Campus,1
Pennsylvania State University-Main Campus,1
Pennsylvania State University-Main Campus,1
Pennsylvania State University-Main Campus,1
Reading Area Community College,1
Slippery Rock University of Pennsylvania,1
Slippery Rock University of Pennsylvania,1
Slippery Rock University of Pennsylvania,1
Susquehanna University,1
Swarthmore College,1
Swarthmore College,1
Swarthmore College,1
Swarthmore College,1
Swarthmore College,1
Westminster College-New Wilmington,1
Widener University-Main Campus,1
Widener University-Main Campus,1
Benedict College,1
Bob Jones University,1
Bob Jones University,1
Clemson University,1
Clemson University,1
Clemson University,1
Clemson University,1
Clemson University,1
Clemson University,1
Clemson University,1
Clemson University,1
South Carolina State University,1
South Carolina State University,1
Citadel Military College of South Carolina,1
Citadel Military College of South Carolina,1
Citadel Military College of South Carolina,1
Tri-County Technical College,1
Wofford College,1
South Dakota School of Mines and Technology,1
South Dakota School of Mines and Technology,1
South Dakota School of Mines and Technology,1
South Dakota School of Mines and Technology,1
Christian Brothers University,1
Christian Brothers University,1
Lane College,1
Lipscomb University,1
Lipscomb University,1
Pellissippi State Community College,1
Rhodes College,1
Rhodes College,1
Rhodes College,1
Rhodes College,1
Tennessee Technological University,1
Tennessee Technological University,1
Tennessee Technological University,1
Tennessee Technological University,1
The University of Tennessee-Chattanooga,1
The University of Tennessee-Chattanooga,1
Amarillo College,1
Brookhaven College,1
Brookhaven College,1
Galveston College,1
Lee College,1
Lee College,1
McMurry University,1
McMurry University,1
Mountain View College,1
North Central Texas College,1
Odessa College,1
St Mary's University,1
San Jacinto Community College,1
San Jacinto Community College,1
Tarrant County College District,1
Texas A & M University-College Station,1
Texas A & M University-College Station,1
Texas A & M University-College Station,1
Texas A & M University-College Station,1
Texas A & M University-College Station,1
Texas A & M University-College Station,1
Texas A & M University-College Station,1
Texas A & M University-College Station,1
Texas A & M University-College Station,1
Texas A & M University-College Station,1
Texas A & M University-College Station,1
Texas A & M University-College Station,1
Texas Southern University,1
Texas Southern University,1
Texas Southern University,1
Trinity University,1
Trinity University,1
Trinity University,1
Trinity University,1
Tyler Junior College,1
Tyler Junior College,1
University of Dallas,1
University of Dallas,1
University of Dallas,1
University of Houston-Clear Lake,1
University of Houston-Clear Lake,1
West Texas A & M University,1
West Texas A & M University,1
Western Technical College-El Paso,1
Bridgewater College,1
Bridgewater College,1
Bridgewater College,1
Hampton University,1
Hampton University,1
Hollins University,1
J Sargeant Reynolds Community College,1
James Madison University,1
James Madison University,1
James Madison University,1
James Madison University,1
James Madison University,1
James Madison University,1
James Madison University,1
James Madison University,1
James Madison University,1
James Madison University,1
James Madison University,1
Lynchburg College,1
Mountain Empire Community College,1
Norfolk State University,1
Norfolk State University,1
Norfolk State University,1
Roanoke College,1
Roanoke College,1
Roanoke College,1
Thomas Nelson Community College,1
Virginia Commonwealth University,1
Virginia Commonwealth University,1
Virginia Commonwealth University,1
Virginia Commonwealth University,1
Marlboro College,1
Saint Michael's College,1
Saint Michael's College,1
Big Bend Community College,1
Green River Community College,1
Green River Community College,1
Green River Community College,1
Green River Community College,1
Pacific Lutheran University,1
Pacific Lutheran University,1
Pacific Lutheran University,1
Pacific Lutheran University,1
Skagit Valley College,1
South Seattle College,1
University of Washington-Seattle Campus,1
University of Washington-Seattle Campus,1
University of Washington-Seattle Campus,1
University of Washington-Seattle Campus,1
University of Washington-Seattle Campus,1
University of Washington-Seattle Campus,1
University of Washington-Seattle Campus,1
University of Washington-Seattle Campus,1
University of Washington-Seattle Campus,1
University of Washington-Seattle Campus,1
University of Washington-Seattle Campus,1
University of Washington-Seattle Campus,1
University of Washington-Seattle Campus,1
University of Washington-Seattle Campus,1
University of Washington-Seattle Campus,1
University of Washington-Seattle Campus,1
University of Washington-Seattle Campus,1
University of Washington-Seattle Campus,1
University of Washington-Seattle Campus,1
University of Washington-Seattle Campus,1
University of Washington-Seattle Campus,1
University of Washington-Seattle Campus,1
University of Washington-Seattle Campus,1
University of Washington-Seattle Campus,1
University of Washington-Seattle Campus,1
University of Washington-Seattle Campus,1
University of Washington-Seattle Campus,1
University of Washington-Seattle Campus,1
University of Washington-Seattle Campus,1
University of Washington-Seattle Campus,1
University of Washington-Seattle Campus,1
University of Washington-Seattle Campus,1
University of Washington-Seattle Campus,1
University of Washington-Seattle Campus,1
University of Washington-Seattle Campus,1
Walla Walla University,1
Walla Walla University,1
Washington State University,1
Washington State University,1
Washington State University,1
Washington State University,1
Washington State University,1
Washington State University,1
Whitman College,1
Whitman College,1
Whitman College,1
Whitman College,1
Whitworth University,1
Whitworth University,1
Gateway Technical College,1
Madison Area Technical College,1
Ripon College,1
University of Wisconsin-La Crosse,1
University of Wisconsin-La Crosse,1
University of Wisconsin-La Crosse,1
University of Wisconsin-La Crosse,1
University of Wisconsin-La Crosse,1
University of Wisconsin-La Crosse,1
University of Wisconsin-La Crosse,1
University of Wisconsin-La Crosse,1
University of Wisconsin-La Crosse,1
University of Wisconsin-Whitewater,1
University of Wisconsin-Whitewater,1
University of Wisconsin-Whitewater,1
University of Wisconsin-Whitewater,1
Marshall University,1
Marshall University,1
Marshall University,1
Marshall University,1
Marshall University,1
Marshall University,1
Wheeling Jesuit University,1
Central Wyoming College,1
University of Wyoming,1
University of Wyoming,1
University of Wyoming,1
University of Wyoming,1
University of Wyoming,1
University of Wyoming,1
University of Wyoming,1
University of Maine,1
Cuyamaca College,1
MiraCosta College,1
United States Air Force Academy,1
United States Air Force Academy,1
United States Air Force Academy,1
United States Air Force Academy,1
United States Air Force Academy,1
United States Air Force Academy,1
United States Air Force Academy,1
